"Name","Length","Date"
"Comparator_Marker_Survival_Results.csv",15383,2026-05-16 19:02:00
"Data_Figure_Source_Manifest.xlsx",8169,2026-05-18 00:16:00
"Fig6_GEO_7Cohort_C1Q_PerSD_HR_Source.csv",4939,2026-05-17 07:35:00
"Fig6_GEO_7Cohort_C1Q_PerSD_HR_Source_Workbook.xlsx",100321,2026-05-17 07:35:00
"Histology_Stratified_C1Q_Survival_Results.csv",2227,2026-05-16 19:02:00
"Public_Proteomic_C1Q_Marker_Correlations.csv",1361,2026-05-16 19:04:00
"S10_Fig_PanCancer_Context_Source_Data.xlsx",11550,2026-05-08 20:11:00
"Source_Data_Inventory.csv",1872,2026-05-18 00:25:00
"Source_Data_Inventory.xlsx",5947,2026-05-18 00:25:00
"Tables/CSV/S10_Table_Immunotherapy_Context_Trends.csv",366,2026-05-17 19:05:00
"Tables/CSV/S1_Table_Model_Benchmarking.csv",261,2026-05-17 19:05:00
"Tables/CSV/S2_Table_Feature_Selection_Score_Construction.csv",1686,2026-05-17 19:05:00
"Tables/CSV/S3_Table_Spatial_Autocorrelation_Hotspots.csv",1126,2026-05-17 19:05:00
"Tables/CSV/S4_Table_Immune_Marker_Cell_Context_Correlations.csv",748,2026-05-17 19:05:00
"Tables/CSV/S5_Table_Computational_Attenuation.csv",700,2026-05-17 19:05:00
"Tables/CSV/S6_Table_Network_Consistency.csv",225,2026-05-17 19:05:00
"Tables/CSV/S7_Table_External_Survival_Immunotherapy_Context.csv",933,2026-05-17 19:45:00
"Tables/CSV/S8_Table_Spatial_Dataset_QC_Summary.csv",2801,2026-05-17 19:05:00
"Tables/CSV/S9_Table_Functional_Annotation_Selected_Genes.csv",715,2026-05-17 19:05:00
"Tables/Supplementary_Tables_Machine_Readable.xlsx",19957,2026-05-17 19:45:00
